-- MySQL dump 10.13  Distrib 5.1.37, for apple-darwin8.11.1 (i386)
--
-- Host: localhost    Database: shoppinglist
-- ------------------------------------------------------
-- Server version	5.1.37
--
-- Table structure for table `bill`
--
DROP DATABASE IF EXISTS `shoppinglist`; 
CREATE DATABASE `shoppinglist`;
USE `shoppinglist`;

DROP TABLE IF EXISTS `bill`;
/*!40101 SET @saved_cs_client     = @@character_set_client */;
/*!40101 SET character_set_client = utf8 */;
CREATE TABLE `bill` (
  `bill_id` mediumint(8) unsigned NOT NULL AUTO_INCREMENT,
  `date` date NOT NULL,
  `cost` varchar(20) COLLATE utf8_unicode_ci NOT NULL,
  `shoppinglist_id` mediumint(8) unsigned NOT NULL,
  `user_id` mediumint(8) unsigned NOT NULL,
  PRIMARY KEY (`bill_id`)
) ENGINE=MyISAM DEFAULT CHARSET=utf8 COLLATE=utf8_unicode_ci;
/*!40101 SET character_set_client = @saved_cs_client */;

--
-- Dumping data for table `bill`
--

LOCK TABLES `bill` WRITE;
/*!40000 ALTER TABLE `bill` DISABLE KEYS */;
/*!40000 ALTER TABLE `bill` ENABLE KEYS */;
UNLOCK TABLES;

--
-- Table structure for table `budget`
--

DROP TABLE IF EXISTS `budget`;
/*!40101 SET @saved_cs_client     = @@character_set_client */;
/*!40101 SET character_set_client = utf8 */;
CREATE TABLE `budget` (
  `budget_id` mediumint(8) unsigned NOT NULL AUTO_INCREMENT,
  `time_start` date NOT NULL,
  `time_end` date NOT NULL,
  `budget_current` varchar(20) COLLATE utf8_unicode_ci NOT NULL,
  `budget_quota` varchar(20) COLLATE utf8_unicode_ci NOT NULL,
  `household_id` mediumint(8) unsigned NOT NULL,
  PRIMARY KEY (`budget_id`)
) ENGINE=MyISAM DEFAULT CHARSET=utf8 COLLATE=utf8_unicode_ci;
/*!40101 SET character_set_client = @saved_cs_client */;

--
-- Dumping data for table `budget`
--

LOCK TABLES `budget` WRITE;
/*!40000 ALTER TABLE `budget` DISABLE KEYS */;
/*!40000 ALTER TABLE `budget` ENABLE KEYS */;
UNLOCK TABLES;

--
-- Table structure for table `household`
--

DROP TABLE IF EXISTS `household`;
/*!40101 SET @saved_cs_client     = @@character_set_client */;
/*!40101 SET character_set_client = utf8 */;
CREATE TABLE `household` (
  `household_id` mediumint(9) NOT NULL AUTO_INCREMENT,
  `name` varchar(100) COLLATE utf8_unicode_ci NOT NULL,
  PRIMARY KEY (`household_id`)
) ENGINE=MyISAM DEFAULT CHARSET=utf8 COLLATE=utf8_unicode_ci;
/*!40101 SET character_set_client = @saved_cs_client */;

--
-- Dumping data for table `household`
--

INSERT INTO `household` VALUES(1, 'JSWG');
INSERT INTO `household` VALUES(2, 'Simon Private');
INSERT INTO `household` VALUES(3, 'Thomas Private');
INSERT INTO `household` VALUES(4, 'Family');

--
-- Table structure for table `invitation`
--

DROP TABLE IF EXISTS `invitation`;
/*!40101 SET @saved_cs_client     = @@character_set_client */;
/*!40101 SET character_set_client = utf8 */;
CREATE TABLE `invitation` (
  `inventation_id` mediumint(9) unsigned NOT NULL AUTO_INCREMENT,
  `user_id` mediumint(9) unsigned NOT NULL,
  `household_id` mediumint(9) unsigned NOT NULL,
  `pending` tinyint(4) unsigned NOT NULL,
  PRIMARY KEY (`inventation_id`)
) ENGINE=MyISAM DEFAULT CHARSET=utf8 COLLATE=utf8_unicode_ci;
/*!40101 SET character_set_client = @saved_cs_client */;

--
-- Dumping data for table `invitation`
--

LOCK TABLES `invitation` WRITE;
/*!40000 ALTER TABLE `invitation` DISABLE KEYS */;
/*!40000 ALTER TABLE `invitation` ENABLE KEYS */;
UNLOCK TABLES;

--
-- Table structure for table `item`
--

DROP TABLE IF EXISTS `item`;
/*!40101 SET @saved_cs_client     = @@character_set_client */;
/*!40101 SET character_set_client = utf8 */;
CREATE TABLE `item` (
  `item_id` mediumint(8) unsigned NOT NULL AUTO_INCREMENT,
  `name` varchar(60) COLLATE utf8_unicode_ci NOT NULL,
  `description` varchar(100) COLLATE utf8_unicode_ci DEFAULT NULL,
  `price` varchar(20) COLLATE utf8_unicode_ci NOT NULL,
  `status` tinyint(3) unsigned NOT NULL,
  `shoppinglist_id` mediumint(8) unsigned NOT NULL,
  PRIMARY KEY (`item_id`)
) ENGINE=MyISAM DEFAULT CHARSET=utf8 COLLATE=utf8_unicode_ci;
/*!40101 SET character_set_client = @saved_cs_client */;

--
-- Dumping data for table `item`
--

LOCK TABLES `item` WRITE;
/*!40000 ALTER TABLE `item` DISABLE KEYS */;
/*!40000 ALTER TABLE `item` ENABLE KEYS */;
UNLOCK TABLES;

--
-- Table structure for table `shoppinglist`
--

DROP TABLE IF EXISTS `shoppinglist`;
/*!40101 SET @saved_cs_client     = @@character_set_client */;
/*!40101 SET character_set_client = utf8 */;
CREATE TABLE `shoppinglist` (
  `shoppinglist_id` mediumint(8) unsigned NOT NULL AUTO_INCREMENT,
  `name` varchar(60) COLLATE utf8_unicode_ci NOT NULL,
  `status` tinyint(3) unsigned NOT NULL,
  `household_id` mediumint(8) unsigned NOT NULL,
  PRIMARY KEY (`shoppinglist_id`)
) ENGINE=MyISAM DEFAULT CHARSET=utf8 COLLATE=utf8_unicode_ci;
/*!40101 SET character_set_client = @saved_cs_client */;

--
-- Dumping data for table `shoppinglist`
--

LOCK TABLES `shoppinglist` WRITE;
/*!40000 ALTER TABLE `shoppinglist` DISABLE KEYS */;
/*!40000 ALTER TABLE `shoppinglist` ENABLE KEYS */;
UNLOCK TABLES;

--
-- Table structure for table `user`
--

DROP TABLE IF EXISTS `user`;
/*!40101 SET @saved_cs_client     = @@character_set_client */;
/*!40101 SET character_set_client = utf8 */;
CREATE TABLE `user` (
  `user_id` mediumint(8) unsigned NOT NULL AUTO_INCREMENT,
  `email` varchar(60) COLLATE utf8_unicode_ci NOT NULL,
  `password` varchar(100) COLLATE utf8_unicode_ci NOT NULL,
  `salt` varchar(60) COLLATE utf8_unicode_ci NOT NULL,
  `firstname` varchar(60) COLLATE utf8_unicode_ci DEFAULT NULL,
  `lastname` varchar(60) COLLATE utf8_unicode_ci DEFAULT NULL,
  PRIMARY KEY (`user_id`),
  UNIQUE KEY `email` (`email`)
) ENGINE=MyISAM AUTO_INCREMENT=4 DEFAULT CHARSET=utf8 COLLATE=utf8_unicode_ci;
/*!40101 SET character_set_client = @saved_cs_client */;

--
-- Dumping data for table `user`
--

INSERT INTO `user` VALUES(1, 'simon', 'ccf7e9e8f7e8a763b26d739dc4ce31a2b61f168b', '1234', 'Simon', 'Egli');
INSERT INTO `user` VALUES(2, 'thomas', '0c5a36f8c1150b5960a56ef534f29320672f5fba', '1234', 'Thomas', 'Junghans');

--
-- Table structure for table `user_household`
--

DROP TABLE IF EXISTS `user_household`;
/*!40101 SET @saved_cs_client     = @@character_set_client */;
/*!40101 SET character_set_client = utf8 */;
CREATE TABLE `user_household` (
  `user_household_id` mediumint(8) unsigned NOT NULL AUTO_INCREMENT,
  `user_id` mediumint(8) unsigned NOT NULL,
  `household_id` mediumint(8) unsigned NOT NULL,
  `is_owner` tinyint(4) DEFAULT NULL,
  PRIMARY KEY (`user_household_id`)
) ENGINE=MyISAM DEFAULT CHARSET=utf8 COLLATE=utf8_unicode_ci;
/*!40101 SET character_set_client = @saved_cs_client */;

--
-- Dumping data for table `user_household`
--
INSERT INTO `user_household` VALUES(1, 1, 1, 1);
INSERT INTO `user_household` VALUES(2, 1, 2, 1);
INSERT INTO `user_household` VALUES(3, 2, 3, 1);
INSERT INTO `user_household` VALUES(4, 2, 4, 1);


